GAAB092403-EPHI-622I-1	Abol
GAAB092405-EPHI-622I-1	Abol
GAAB092406-EPHI-622I-1	Abol
GAAB092407-EPHI-622I-1	Abol
GAAB092408-EPHI-622I-1	Abol
GAAB092409-EPHI-622I-1	Abol
GAAB092410-EPHI-622I-1	Abol
GAAB092413-EPHI-622I-1	Abol
GAAB092416-EPHI-622I-1	Abol
GAAB092418-EPHI-622I-1	Abol
GAAB092420-EPHI-622I-1	Abol
GAAB092424-EPHI-622I-1	Abol
GAAB092426-EPHI-622I-1	Abol
GAAB092428-EPHI-622I-1	Abol
GAAB092432-EPHI-622I-1	Abol
GAAB092433-EPHI-622I-1	Abol
GAAB092437-EPHI-622I-1	Abol
GAAB092438-EPHI-622I-1	Abol
GAAB092439-EPHI-622I-1	Abol
GAAB092440-EPHI-622I-1	Abol
GAAB092441-EPHI-622I-1	Abol
GAAB092442-EPHI-622I-1	Abol
GAAB092446-EPHI-622I-1	Abol
GAAB092453-EPHI-622I-1	Abol
GAAB092454-EPHI-622I-1	Abol
GAAB092456-EPHI-622I-1	Abol
GAAB092457-EPHI-622I-1	Abol
GAAB092460-EPHI-622I-1	Abol
GAAB092461-EPHI-622I-1	Abol
GAAB092463-EPHI-622I-1	Abol
GAAB092464-EPHI-622I-1	Abol
GAAB092465-EPHI-622I-1	Abol
GAAB092466-EPHI-622I-1	Abol
GAAB092468-EPHI-622I-1	Abol
GAAB092472-EPHI-622I-1	Abol
GAAB092473-EPHI-622I-1	Abol
GAAB092476-EPHI-622I-1	Abol
GAAB092479-EPHI-622I-1	Abol
GAAB092480-EPHI-622I-1	Abol
GAAB092481-EPHI-622I-1	Abol
GAAB092483-EPHI-622I-1	Abol
GAAB092484-EPHI-622I-1	Abol
GAAB092486-EPHI-622I-1	Abol
GAAB092487-EPHI-622I-1	Abol
GAAB092491-EPHI-622I-1	Abol
GAAB092493-EPHI-622I-1	Abol
GAAB092495-EPHI-622I-1	Abol
GAAB092496-EPHI-622I-1	Abol
GAAB092498-EPHI-622I-1	Abol
GAAB092499-EPHI-622I-1	Abol
GAAB092500-EPHI-622I-1	Abol
GAAB092501-EPHI-622I-1	Abol
GAAB092502-EPHI-622I-1	Abol
GAAB092503-EPHI-622I-1	Abol
GAAB092504-EPHI-622I-1	Abol
GAAB092505-EPHI-622I-1	Abol
GAAB092506-EPHI-622I-1	Abol
GAAB092508-EPHI-622I-1	Abol
GAAB092509-EPHI-622I-1	Abol
GAAB092510-EPHI-622I-1	Abol
GAAB092511-EPHI-622I-1	Abol
GAAB092512-EPHI-622I-1	Abol
GAAB092513-EPHI-622I-1	Abol
GAAB092516-EPHI-622I-1	Abol
GAAB092518-EPHI-622I-1	Abol
GAAB092519-EPHI-622I-1	Abol
GAAB092520-EPHI-622I-1	Abol
GAAB092521-EPHI-622I-1	Abol
GAAB092522-EPHI-622I-1	Abol
GAAB092523-EPHI-622I-1	Abol
GAAB092525-EPHI-622I-1	Abol
GAAB092530-EPHI-622I-1	Abol
GAAB092531-EPHI-622I-1	Abol
GAAB092532-EPHI-622I-1	Abol
GAAB092533-EPHI-622I-1	Abol
GAAB092535-EPHI-622I-1	Abol
GAAB092536-EPHI-622I-1	Abol
GAAB092537-EPHI-622I-1	Abol
GAAB092539-EPHI-622I-1	Abol
GAAB092540-EPHI-622I-1	Abol
GAAB092541-EPHI-622I-1	Abol
GAAB092542-EPHI-622I-1	Abol
GAAB092543-EPHI-622I-1	Abol
GAAB092545-EPHI-622I-1	Abol
GAAB092548-EPHI-622I-1	Abol
GAAB092549-EPHI-622I-1	Abol
GAAB092560-EPHI-622I-1	Abol
GAAB092561-EPHI-622I-1	Abol
GAAB092562-EPHI-622I-1	Abol
GAAB092564-EPHI-622I-1	Abol
GAAB092401-EPHI-622I-1	Abol
GAAB092402-EPHI-622I-1	Abol
GAAB092415-EPHI-622I-1	Abol
GAAB092419-EPHI-622I-1	Abol
GAAB092425-EPHI-622I-1	Abol
GAAB092427-EPHI-622I-1	Abol
GAAB092429-EPHI-622I-1	Abol
GAAB092434-EPHI-622I-1	Abol
GAAB092435-EPHI-622I-1	Abol
GAAB092436-EPHI-622I-1	Abol
GAAB092445-EPHI-622I-1	Abol
GAAB092449-EPHI-622I-1	Abol
GAAB092450-EPHI-622I-1	Abol
GAAB092455-EPHI-622I-1	Abol
GAAB092458-EPHI-622I-1	Abol
GAAB092459-EPHI-622I-1	Abol
GAAB092462-EPHI-622I-1	Abol
GAAB092469-EPHI-622I-1	Abol
GAAB092474-EPHI-622I-1	Abol
GAAB092475-EPHI-622I-1	Abol
GAAB092489-EPHI-622I-1	Abol
GAAB092492-EPHI-622I-1	Abol
GAAB092494-EPHI-622I-1	Abol
GAAB092497-EPHI-622I-1	Abol
GAAB092507-EPHI-622I-1	Abol
GAAB092514-EPHI-622I-1	Abol
GAAB092515-EPHI-622I-1	Abol
GAAB092517-EPHI-622I-1	Abol
GAAB092524-EPHI-622I-1	Abol
GAAB092527-EPHI-622I-1	Abol
GAAB092528-EPHI-622I-1	Abol
GAAB092529-EPHI-622I-1	Abol
GAAB092534-EPHI-622I-1	Abol
GAAB092546-EPHI-622I-1	Abol
GAAB092547-EPHI-622I-1	Abol
GAAB092563-EPHI-622I-1	Abol
GAAB092478-EPHI-622I-1	Abol
GAAB092488-EPHI-622I-1	Abol
GAAB092490-EPHI-622I-1	Abol
GAAB092526-EPHI-622I-1	Abol
GAAB092538-EPHI-622I-1	Abol
GAAB092417-EPHI-622I-1	Abol
AMAN030902-EPHI-622I-1	Andansa
AMAN030903-EPHI-622I-1	Andansa
AMAN030905-EPHI-622I-1	Andansa
AMAN030906-EPHI-622I-1	Andansa
AMAN030907-EPHI-622I-1	Andansa
AMAN030908-EPHI-622I-1	Andansa
AMAN030909-EPHI-622I-1	Andansa
AMAN030910-EPHI-622I-1	Andansa
AMAN030911-EPHI-622I-1	Andansa
AMAN030912-EPHI-622I-1	Andansa
AMAN030913-EPHI-622I-1	Andansa
AMAN030914-EPHI-622I-1	Andansa
AMAN030918-EPHI-622I-1	Andansa
AMAN030919-EPHI-622I-1	Andansa
AMAN030921-EPHI-622I-1	Andansa
AMAN030922-EPHI-622I-1	Andansa
AMAN030924-EPHI-622I-1	Andansa
AMAN030925-EPHI-622I-1	Andansa
AMAN030926-EPHI-622I-1	Andansa
AMAN030927-EPHI-622I-1	Andansa
AMAN030928-EPHI-622I-1	Andansa
AMAN030929-EPHI-622I-1	Andansa
AMAN030930-EPHI-622I-1	Andansa
AMAN030931-EPHI-622I-1	Andansa
AMAN030932-EPHI-622I-1	Andansa
AMAN030933-EPHI-622I-1	Andansa
AMAN030934-EPHI-622I-1	Andansa
AMAN030935-EPHI-622I-1	Andansa
AMAN030936-EPHI-622I-1	Andansa
AMAN030937-EPHI-622I-1	Andansa
AMAN030938-EPHI-622I-1	Andansa
AMAN030939-EPHI-622I-1	Andansa
AMAN030940-EPHI-622I-1	Andansa
AMAN030942-EPHI-622I-1	Andansa
AMAN030943-EPHI-622I-1	Andansa
AMAN030944-EPHI-622I-1	Andansa
AMAN030945-EPHI-622I-1	Andansa
AMAN030946-EPHI-622I-1	Andansa
AMAN030947-EPHI-622I-1	Andansa
AMAN030948-EPHI-622I-1	Andansa
AMAN030949-EPHI-622I-1	Andansa
AMAN030950-EPHI-622I-1	Andansa
AMAN030953-EPHI-622I-1	Andansa
AMAN030954-EPHI-622I-1	Andansa
AMAN030956-EPHI-622I-1	Andansa
AMAN030957-EPHI-622I-1	Andansa
AMAN030958-EPHI-622I-1	Andansa
AMAN030959-EPHI-622I-1	Andansa
AMAN030960-EPHI-622I-1	Andansa
AMAN030961-EPHI-622I-1	Andansa
AMAN030962-EPHI-622I-1	Andansa
AMAN030963-EPHI-622I-1	Andansa
AMAN030964-EPHI-622I-1	Andansa
AMAN030965-EPHI-622I-1	Andansa
AMAN030966-EPHI-622I-1	Andansa
AMAN030967-EPHI-622I-1	Andansa
AMAN030968-EPHI-622I-1	Andansa
AMAN030969-EPHI-622I-1	Andansa
AMAN030970-EPHI-622I-1	Andansa
AMAN030971-EPHI-622I-1	Andansa
AMAN030972-EPHI-622I-1	Andansa
AMAN030973-EPHI-622I-1	Andansa
AMAN030975-EPHI-622I-1	Andansa
AMAN030976-EPHI-622I-1	Andansa
AMAN030977-EPHI-622I-1	Andansa
AMAN030978-EPHI-622I-1	Andansa
AMAN030979-EPHI-622I-1	Andansa
AMAN030980-EPHI-622I-1	Andansa
AMAN030982-EPHI-622I-1	Andansa
AMAN030983-EPHI-622I-1	Andansa
AMAN030985-EPHI-622I-1	Andansa
AMAN030987-EPHI-622I-1	Andansa
AMAN030988-EPHI-622I-1	Andansa
AMAN030990-EPHI-622I-1	Andansa
AMAN030991-EPHI-622I-1	Andansa
AMAN030993-EPHI-622I-1	Andansa
AMAN030996-EPHI-622I-1	Andansa
AMAN030997-EPHI-622I-1	Andansa
AMAN030998-EPHI-622I-1	Andansa
AMAN030999-EPHI-622I-1	Andansa
AMAN031000-EPHI-622I-1	Andansa
AMAN031001-EPHI-622I-1	Andansa
AMAN031002-EPHI-622I-1	Andansa
AMAN031003-EPHI-622I-1	Andansa
AMAN031004-EPHI-622I-1	Andansa
AMAN031005-EPHI-622I-1	Andansa
AMAN031006-EPHI-622I-1	Andansa
AMAN031007-EPHI-622I-1	Andansa
AMAN031009-EPHI-622I-1	Andansa
AMAN031011-EPHI-622I-1	Andansa
AMAN031012-EPHI-622I-1	Andansa
AMAN031014-EPHI-622I-1	Andansa
AMAN031015-EPHI-622I-1	Andansa
AMAN031017-EPHI-622I-1	Andansa
AMAN031018-EPHI-622I-1	Andansa
AMAN031019-EPHI-622I-1	Andansa
AMAN031020-EPHI-622I-1	Andansa
AMAN031021-EPHI-622I-1	Andansa
AMAN031022-EPHI-622I-1	Andansa
AMAN031023-EPHI-622I-1	Andansa
AMAN031025-EPHI-622I-1	Andansa
AMAN031027-EPHI-622I-1	Andansa
ORME040606-EPHI-622I-1	Andansa
AMAN030904-EPHI-622I-1	Andansa
AMAN030915-EPHI-622I-1	Andansa
AMAN030916-EPHI-622I-1	Andansa
AMAN030917-EPHI-622I-1	Andansa
AMAN030920-EPHI-622I-1	Andansa
AMAN030951-EPHI-622I-1	Andansa
AMAN030952-EPHI-622I-1	Andansa
AMAN030981-EPHI-622I-1	Andansa
AMAN030989-EPHI-622I-1	Andansa
AMAN031008-EPHI-622I-1	Andansa
AMAN031010-EPHI-622I-1	Andansa
AMAN031013-EPHI-622I-1	Andansa
AMAN031024-EPHI-622I-1	Andansa
AMAN031026-EPHI-622I-1	Andansa
AMAN030955-EPHI-622I-1	Andansa
ORAS040001-EPHI-622I-1	Asendabo
ORAS040002-EPHI-622I-1	Asendabo
ORAS040003-EPHI-622I-1	Asendabo
ORAS040004-EPHI-622I-1	Asendabo
ORAS040005-EPHI-622I-1	Asendabo
ORAS040006-EPHI-622I-1	Asendabo
ORAS040008-EPHI-622I-1	Asendabo
ORAS040010-EPHI-622I-1	Asendabo
ORAS040011-EPHI-622I-1	Asendabo
ORAS040012-EPHI-622I-1	Asendabo
ORAS040013-EPHI-622I-1	Asendabo
ORAS040014-EPHI-622I-1	Asendabo
ORAS040015-EPHI-622I-1	Asendabo
ORAS040016-EPHI-622I-1	Asendabo
ORAS040017-EPHI-622I-1	Asendabo
ORAS040018-EPHI-622I-1	Asendabo
ORAS040019-EPHI-622I-1	Asendabo
ORAS040020-EPHI-622I-1	Asendabo
ORAS040021-EPHI-622I-1	Asendabo
ORAS040022-EPHI-622I-1	Asendabo
ORAS040023-EPHI-622I-1	Asendabo
ORAS040028-EPHI-622I-1	Asendabo
ORAS040029-EPHI-622I-1	Asendabo
ORAS040031-EPHI-622I-1	Asendabo
ORAS040032-EPHI-622I-1	Asendabo
ORAS040007-EPHI-622I-1	Asendabo
ORAS040026-EPHI-622I-1	Asendabo
ORAS040027-EPHI-622I-1	Asendabo
ORAS040030-EPHI-622I-1	Asendabo
ORBA040301-EPHI-622I-1	Batu
ORBA040302-EPHI-622I-1	Batu
ORBA040303-EPHI-622I-1	Batu
ORBA040304-EPHI-622I-1	Batu
ORBA040305-EPHI-622I-1	Batu
ORBA040306-EPHI-622I-1	Batu
ORBA040307-EPHI-622I-1	Batu
ORBA040308-EPHI-622I-1	Batu
ORBA040309-EPHI-622I-1	Batu
ORBA040310-EPHI-622I-1	Batu
ORBA040311-EPHI-622I-1	Batu
ORBA040312-EPHI-622I-1	Batu
ORBA040313-EPHI-622I-1	Batu
ORBA040314-EPHI-622I-1	Batu
ORBA040316-EPHI-622I-1	Batu
ORBA040319-EPHI-622I-1	Batu
ORBA040322-EPHI-622I-1	Batu
ORBA040323-EPHI-622I-1	Batu
ORBA040324-EPHI-622I-1	Batu
ORBA040326-EPHI-622I-1	Batu
ORBA040327-EPHI-622I-1	Batu
ORBA040330-EPHI-622I-1	Batu
ORBA040331-EPHI-622I-1	Batu
ORBA040332-EPHI-622I-1	Batu
ORBA040333-EPHI-622I-1	Batu
ORBA040334-EPHI-622I-1	Batu
ORBA040336-EPHI-622I-1	Batu
ORBA040337-EPHI-622I-1	Batu
ORBA040338-EPHI-622I-1	Batu
ORBA040317-EPHI-622I-1	Batu
SND1071801-EPHI-622I-1	Dila
SND1071806-EPHI-622I-1	Dila
SND1071808-EPHI-622I-1	Dila
SND1071810-EPHI-622I-1	Dila
SND1071814-EPHI-622I-1	Dila
SND1071816-EPHI-622I-1	Dila
SND1071819-EPHI-622I-1	Dila
SND1071820-EPHI-622I-1	Dila
SND1071822-EPHI-622I-1	Dila
SND1071824-EPHI-622I-1	Dila
SNDI071804-EPHI-622I-1	Dila
SNDI071805-EPHI-622I-1	Dila
SND1071802-EPHI-622I-1	Dila
SND1071812-EPHI-622I-1	Dila
SOER052703-EPHI-622I-1	Erer
SOER052704-EPHI-622I-1	Erer
SOER052708-EPHI-622I-1	Erer
SOER052710-EPHI-622I-1	Erer
SOER052711-EPHI-622I-1	Erer
SOER052712-EPHI-622I-1	Erer
SOER052713-EPHI-622I-1	Erer
SOER052714-EPHI-622I-1	Erer
SOER052716-EPHI-622I-1	Erer
SOER052717-EPHI-622I-1	Erer
SOER052718-EPHI-622I-1	Erer
SOER052725-EPHI-622I-1	Erer
SOER052726-EPHI-622I-1	Erer
SOER052727-EPHI-622I-1	Erer
SOER052730-EPHI-622I-1	Erer
SOER052732-EPHI-622I-1	Erer
SOER052734-EPHI-622I-1	Erer
SOER052735-EPHI-622I-1	Erer
SOER052739-EPHI-622I-1	Erer
SOER052742-EPHI-622I-1	Erer
SOER052743-EPHI-622I-1	Erer
SOER052744-EPHI-622I-1	Erer
SOER052745-EPHI-622I-1	Erer
SOER052746-EPHI-622I-1	Erer
SOER052749-EPHI-622I-1	Erer
SOER052755-EPHI-622I-1	Erer
SOER052756-EPHI-622I-1	Erer
SOER052757-EPHI-622I-1	Erer
SOER052758-EPHI-622I-1	Erer
SOER052762-EPHI-622I-1	Erer
SOER052763-EPHI-622I-1	Erer
SOER052766-EPHI-622I-1	Erer
SOER052766-EPHI-622I-1	Erer
SOER052770-EPHI-622I-1	Erer
SOER052773-EPHI-622I-1	Erer
SOER052775-EPHI-622I-1	Erer
SOER052778-EPHI-622I-1	Erer
SOER052796-EPHI-622I-1	Erer
SOER052797-EPHI-622I-1	Erer
SOER052799-EPHI-622I-1	Erer
AMJI031203-EPHI-622I-1	Jiga
AMJI031204-EPHI-622I-1	Jiga
AMJI031206-EPHI-622I-1	Jiga
AMJI031207-EPHI-622I-1	Jiga
AMJI031208-EPHI-622I-1	Jiga
AMJI031210-EPHI-622I-1	Jiga
AMJI031211-EPHI-622I-1	Jiga
AMJI031212-EPHI-622I-1	Jiga
AMJI031213-EPHI-622I-1	Jiga
AMJI031214-EPHI-622I-1	Jiga
AMJI031215-EPHI-622I-1	Jiga
AMJI031216-EPHI-622I-1	Jiga
AMJI031217-EPHI-622I-1	Jiga
AMJI031218-EPHI-622I-1	Jiga
AMJI031220-EPHI-622I-1	Jiga
AMJI031221-EPHI-622I-1	Jiga
AMJI031222-EPHI-622I-1	Jiga
AMJI031223-EPHI-622I-1	Jiga
AMJI031224-EPHI-622I-1	Jiga
AMJI031226-EPHI-622I-1	Jiga
AMJI031227-EPHI-622I-1	Jiga
AMJI031228-EPHI-622I-1	Jiga
AMJI031229-EPHI-622I-1	Jiga
AMJI031230-EPHI-622I-1	Jiga
AMJI031231-EPHI-622I-1	Jiga
AMJI031232-EPHI-622I-1	Jiga
AMJI031234-EPHI-622I-1	Jiga
AMJI031235-EPHI-622I-1	Jiga
AMJI031238-EPHI-622I-1	Jiga
AMJI031239-EPHI-622I-1	Jiga
AMJI031240-EPHI-622I-1	Jiga
AMJI031242-EPHI-622I-1	Jiga
AMJI031243-EPHI-622I-1	Jiga
AMJI031244-EPHI-622I-1	Jiga
AMJI031245-EPHI-622I-1	Jiga
AMJI031246-EPHI-622I-1	Jiga
AMJI031247-EPHI-622I-1	Jiga
AMJI031248-EPHI-622I-1	Jiga
AMJI031249-EPHI-622I-1	Jiga
AMJI031250-EPHI-622I-1	Jiga
AMJI031251-EPHI-622I-1	Jiga
AMJI031252-EPHI-622I-1	Jiga
AMJI031253-EPHI-622I-1	Jiga
AMJI031254-EPHI-622I-1	Jiga
AMJI031255-EPHI-622I-1	Jiga
AMJI031256-EPHI-622I-1	Jiga
AMJI031257-EPHI-622I-1	Jiga
AMJI031258-EPHI-622I-1	Jiga
AMJI031259-EPHI-622I-1	Jiga
AMJI031261-EPHI-622I-1	Jiga
AMJI031262-EPHI-622I-1	Jiga
AMJI031263-EPHI-622I-1	Jiga
AMJI031264-EPHI-622I-1	Jiga
AMJI031265-EPHI-622I-1	Jiga
AMJI031266-EPHI-622I-1	Jiga
AMJI031267-EPHI-622I-1	Jiga
AMJI031268-EPHI-622I-1	Jiga
AMJI031270-EPHI-622I-1	Jiga
AMJI031271-EPHI-622I-1	Jiga
AMJI031272-EPHI-622I-1	Jiga
AMJI031273-EPHI-622I-1	Jiga
AMJI031274-EPHI-622I-1	Jiga
AMJI031275-EPHI-622I-1	Jiga
AMJI031276-EPHI-622I-1	Jiga
AMJI031277-EPHI-622I-1	Jiga
AMJI031278-EPHI-622I-1	Jiga
AMJI031279-EPHI-622I-1	Jiga
AMJI031280-EPHI-622I-1	Jiga
AMJI031281-EPHI-622I-1	Jiga
AMJI031282-EPHI-622I-1	Jiga
AMJI031283-EPHI-622I-1	Jiga
AMJI031284-EPHI-622I-1	Jiga
AMJI031285-EPHI-622I-1	Jiga
AMJI031286-EPHI-622I-1	Jiga
AMJI031287-EPHI-622I-1	Jiga
AMJI031288-EPHI-622I-1	Jiga
AMJI031290-EPHI-622I-1	Jiga
AMJI031291-EPHI-622I-1	Jiga
AMJI031292-EPHI-622I-1	Jiga
AMJI031295-EPHI-622I-1	Jiga
AMJI031296-EPHI-622I-1	Jiga
AMJI031298-EPHI-622I-1	Jiga
AMJI031300-EPHI-622I-1	Jiga
AMJI031306-EPHI-622I-1	Jiga
AMJI031308-EPHI-622I-1	Jiga
AMJI031310-EPHI-622I-1	Jiga
AMJI031314-EPHI-622I-1	Jiga
AMJI031316-EPHI-622I-1	Jiga
AMJI031317-EPHI-622I-1	Jiga
AMJI031318-EPHI-622I-1	Jiga
AMJI031319-EPHI-622I-1	Jiga
AMJI031321-EPHI-622I-1	Jiga
AMJI031322-EPHI-622I-1	Jiga
AMJI031323-EPHI-622I-1	Jiga
AMJI031325-EPHI-622I-1	Jiga
AMJI031332-EPHI-622I-1	Jiga
AMJI031225-EPHI-622I-1	Jiga
AMJI031236-EPHI-622I-1	Jiga
AMJI031237-EPHI-622I-1	Jiga
AMJI031269-EPHI-622I-1	Jiga
AMJI031294-EPHI-622I-1	Jiga
AMJI031297-EPHI-622I-1	Jiga
ET-LT-1001-EPHI-622I-1	Lante
ET-LT-1002-EPHI-622I-1	Lante
ET-LT-1003-EPHI-622I-1	Lante
ET-LT-1004-EPHI-622I-1	Lante
ET-LT-1005-EPHI-622I-1	Lante
ET-LT-1006-EPHI-622I-1	Lante
ET-LT-523-EPHI-622I-1	Lante
ET-LT-533-EPHI-622I-1	Lante
ET-LT-562-EPHI-622I-1	Lante
ET-LT-568-EPHI-622I-1	Lante
ET-LT-569-EPHI-622I-1	Lante
ET-LT-570-EPHI-622I-1	Lante
ET-LT-582-EPHI-622I-1	Lante
ET-LT-583-EPHI-622I-1	Lante
ET-LT-587-EPHI-622I-1	Lante
ET-LT-589-EPHI-622I-1	Lante
ET-LT-590-EPHI-622I-1	Lante
ET-LT-594-EPHI-622I-1	Lante
ET-LT-602-EPHI-622I-1	Lante
ET-LT-624-EPHI-622I-1	Lante
ET-LT-633-EPHI-622I-1	Lante
ET-LT-665-EPHI-622I-1	Lante
ET-LT-667-EPHI-622I-1	Lante
ET-LT-700-EPHI-622I-1	Lante
ET-LT-702-EPHI-622I-1	Lante
ET-LT-705-EPHI-622I-1	Lante
ET-LT-706-EPHI-622I-1	Lante
ET-LT-707-EPHI-622I-1	Lante
ET-LT-708-EPHI-622I-1	Lante
ET-LT-709-EPHI-622I-1	Lante
ET-LT-712-EPHI-622I-1	Lante
ET-LT-714-EPHI-622I-1	Lante
ET-LT-719-EPHI-622I-1	Lante
ET-LT-720-EPHI-622I-1	Lante
ET-LT-731-EPHI-622I-1	Lante
ET-LT-732-EPHI-622I-1	Lante
ET-LT-734-EPHI-622I-1	Lante
ET-LT-738-EPHI-622I-1	Lante
ET-LT-745-EPHI-622I-1	Lante
ET-LT-749-EPHI-622I-1	Lante
ET-LT-762-EPHI-622I-1	Lante
ET-LT-765-EPHI-622I-1	Lante
ET-LT-778-EPHI-622I-1	Lante
ET-LT-781-EPHI-622I-1	Lante
ET-LT-785-EPHI-622I-1	Lante
ET-LT-798-EPHI-622I-1	Lante
ET-LT-799-EPHI-622I-1	Lante
ET-LT-800-EPHI-622I-1	Lante
ET-LT-806-EPHI-622I-1	Lante
ET-LT-810-EPHI-622I-1	Lante
ET-LT-827-EPHI-622I-1	Lante
ET-LT-828-EPHI-622I-1	Lante
ET-LT-831-EPHI-622I-1	Lante
ET-LT-843-EPHI-622I-1	Lante
ET-LT-854-EPHI-622I-1	Lante
ET-LT-875-EPHI-622I-1	Lante
ET-LT-876-EPHI-622I-1	Lante
ET-LT-886-EPHI-622I-1	Lante
ET-LT-891-EPHI-622I-1	Lante
ET-LT-902-EPHI-622I-1	Lante
ET-LT-905-EPHI-622I-1	Lante
ET-LT-906-EPHI-622I-1	Lante
ET-LT-909-EPHI-622I-1	Lante
ET-LT-911-EPHI-622I-1	Lante
ET-LT-921-EPHI-622I-1	Lante
ET-LT-928-EPHI-622I-1	Lante
ET-LT-935-EPHI-622I-1	Lante
ET-LT-936-EPHI-622I-1	Lante
ET-LT-946-EPHI-622I-1	Lante
ET-LT-947-EPHI-622I-1	Lante
ET-LT-957-EPHI-622I-1	Lante
ET-LT-964-EPHI-622I-1	Lante
ET-LT-965-EPHI-622I-1	Lante
ET-LT-974-EPHI-622I-1	Lante
ET-LT-980-EPHI-622I-1	Lante
ET-LT-983-EPHI-622I-1	Lante
ET-LT-984-EPHI-622I-1	Lante
ET-LT-985-EPHI-622I-1	Lante
ET-LT-986-EPHI-622I-1	Lante
ET-LT-989-EPHI-622I-1	Lante
ET-LT-991-EPHI-622I-1	Lante
ET-LT-994-EPHI-622I-1	Lante
ET-LT-999-EPHI-622I-1	Lante
ET-LT-701-EPHI-622I-1	Lante
ET-LT-758-EPHI-622I-1	Lante
ET-LT-772-EPHI-622I-1	Lante
ET-LT-773-EPHI-622I-1	Lante
ET-LT-896-EPHI-622I-1	Lante
ET-LT-913-EPHI-622I-1	Lante
ET-LT-771-EPHI-622I-1	Lante
ET-MT-083-EPHI-622I-1	Metehara
ET-MT-194-EPHI-622I-1	Metehara
ET-MT-199-EPHI-622I-1	Metehara
ET-MT-251-EPHI-622I-1	Metehara
ET-MT-255-EPHI-622I-1	Metehara
ET-MT-291-EPHI-622I-1	Metehara
ET-MT-331-EPHI-622I-1	Metehara
ET-MT-346-EPHI-622I-1	Metehara
ET-MT-350-EPHI-622I-1	Metehara
ET-MT-377-EPHI-622I-1	Metehara
ET-MT-383-EPHI-622I-1	Metehara
ET-MT-387-EPHI-622I-1	Metehara
ET-MT-388-EPHI-622I-1	Metehara
ET-MT-390-EPHI-622I-1	Metehara
ET-MT-405-EPHI-622I-1	Metehara
ET-MT-408-EPHI-622I-1	Metehara
ET-MT-416-EPHI-622I-1	Metehara
ET-MT-419-EPHI-622I-1	Metehara
ET-MT-421-EPHI-622I-1	Metehara
ET-MT-423-EPHI-622I-1	Metehara
ET-MT-425-EPHI-622I-1	Metehara
ET-MT-427-EPHI-622I-1	Metehara
ET-MT-428-EPHI-622I-1	Metehara
ET-MT-429-EPHI-622I-1	Metehara
ET-MT-430-EPHI-622I-1	Metehara
ET-MT-467-EPHI-622I-1	Metehara
ET-MT-468-EPHI-622I-1	Metehara
ET-MT-469-EPHI-622I-1	Metehara
ET-MT-470-EPHI-622I-1	Metehara
ET-MT-471-EPHI-622I-1	Metehara
ET-MT-473-EPHI-622I-1	Metehara
ET-MT-475-EPHI-622I-1	Metehara
ET-MT-476-EPHI-622I-1	Metehara
ET-MT-477-EPHI-622I-1	Metehara
ET-MT-478-EPHI-622I-1	Metehara
ET-MT-479-EPHI-622I-1	Metehara
ET-MT-480-EPHI-622I-1	Metehara
ET-MT-482-EPHI-622I-1	Metehara
ET-MT-485-EPHI-622I-1	Metehara
ET-MT-486-EPHI-622I-1	Metehara
ET-MT-500-EPHI-622I-1	Metehara
ET-MT-502-EPHI-622I-1	Metehara
ETMT516-EPHI-622I-1	Metehara
ETMT517-EPHI-622I-1	Metehara
ETMT518-EPHI-622I-1	Metehara
ETMT520-EPHI-622I-1	Metehara
ETMT521-EPHI-622I-1	Metehara
ETMT522-EPHI-622I-1	Metehara
ETMT523-EPHI-622I-1	Metehara
ETMT525-EPHI-622I-1	Metehara
ETMT528-EPHI-622I-1	Metehara
ETMT534-EPHI-622I-1	Metehara
ETMT535-EPHI-622I-1	Metehara
ETMT538-EPHI-622I-1	Metehara
ETMT539-EPHI-622I-1	Metehara
ETMT540-EPHI-622I-1	Metehara
ETMT542-EPHI-622I-1	Metehara
ETMT543-EPHI-622I-1	Metehara
ETMT546-EPHI-622I-1	Metehara
ETMT547-EPHI-622I-1	Metehara
ETMT548-EPHI-622I-1	Metehara
ETMT549-EPHI-622I-1	Metehara
ETMT550-EPHI-622I-1	Metehara
ETMT551-EPHI-622I-1	Metehara
ETMT553-EPHI-622I-1	Metehara
ETMT555-EPHI-622I-1	Metehara
ETMT558-EPHI-622I-1	Metehara
ETMT559-EPHI-622I-1	Metehara
ETMT560-EPHI-622I-1	Metehara
ETMT561-EPHI-622I-1	Metehara
ETMT562-EPHI-622I-1	Metehara
ETMT563-EPHI-622I-1	Metehara
ETMT565-EPHI-622I-1	Metehara
ETMT566-EPHI-622I-1	Metehara
ETMT569-EPHI-622I-1	Metehara
ETMT570-EPHI-622I-1	Metehara
ETMT573-EPHI-622I-1	Metehara
ETMT575-EPHI-622I-1	Metehara
ORME040601-EPHI-622I-1	Metehara
ORME040602-EPHI-622I-1	Metehara
ORME040603-EPHI-622I-1	Metehara
ORME040605-EPHI-622I-1	Metehara
ORME040608-EPHI-622I-1	Metehara
ORME040609-EPHI-622I-1	Metehara
ORME040610-EPHI-622I-1	Metehara
ORME040611-EPHI-622I-1	Metehara
ORME040612-EPHI-622I-1	Metehara
ORME040613-EPHI-622I-1	Metehara
ORME040615-EPHI-622I-1	Metehara
ORME040616-EPHI-622I-1	Metehara
ORME040617-EPHI-622I-1	Metehara
ORME040619-EPHI-622I-1	Metehara
ORME040620-EPHI-622I-1	Metehara
ORME040621-EPHI-622I-1	Metehara
ORME040622-EPHI-622I-1	Metehara
ORME040623-EPHI-622I-1	Metehara
ORME040624-EPHI-622I-1	Metehara
ORME040625-EPHI-622I-1	Metehara
ORME040626-EPHI-622I-1	Metehara
ORME040627-EPHI-622I-1	Metehara
ORME040628-EPHI-622I-1	Metehara
ORME040630-EPHI-622I-1	Metehara
ORME040631-EPHI-622I-1	Metehara
ORME040632-EPHI-622I-1	Metehara
ORME040633-EPHI-622I-1	Metehara
ORME040634-EPHI-622I-1	Metehara
ORME040635-EPHI-622I-1	Metehara
ORME040636-EPHI-622I-1	Metehara
ORME040637-EPHI-622I-1	Metehara
ORME040639-EPHI-622I-1	Metehara
ORME040640-EPHI-622I-1	Metehara
ORME040641-EPHI-622I-1	Metehara
ORME040642-EPHI-622I-1	Metehara
ORME040643-EPHI-622I-1	Metehara
ORME040645-EPHI-622I-1	Metehara
ORME040646-EPHI-622I-1	Metehara
ORME040647-EPHI-622I-1	Metehara
ORME040648-EPHI-622I-1	Metehara
ORME040649-EPHI-622I-1	Metehara
ORME040650-EPHI-622I-1	Metehara
ORME040651-EPHI-622I-1	Metehara
ORME040652-EPHI-622I-1	Metehara
ORME040653-EPHI-622I-1	Metehara
ORME040655-EPHI-622I-1	Metehara
ORME040656-EPHI-622I-1	Metehara
ORME040657-EPHI-622I-1	Metehara
ORME040658-EPHI-622I-1	Metehara
ORME040659-EPHI-622I-1	Metehara
ORME040660-EPHI-622I-1	Metehara
ORME040661-EPHI-622I-1	Metehara
ORME040662-EPHI-622I-1	Metehara
ORME040663-EPHI-622I-1	Metehara
ORME040664-EPHI-622I-1	Metehara
ORME040665-EPHI-622I-1	Metehara
ORME040666-EPHI-622I-1	Metehara
ORME040667-EPHI-622I-1	Metehara
ORME040669-EPHI-622I-1	Metehara
ORME040670-EPHI-622I-1	Metehara
ORME040671-EPHI-622I-1	Metehara
ORME040672-EPHI-622I-1	Metehara
ORME040673-EPHI-622I-1	Metehara
ORME040674-EPHI-622I-1	Metehara
ORME040675-EPHI-622I-1	Metehara
ORME040677-EPHI-622I-1	Metehara
ORME040680-EPHI-622I-1	Metehara
ORME040681-EPHI-622I-1	Metehara
ORME040683-EPHI-622I-1	Metehara
ORME040684-EPHI-622I-1	Metehara
ORME040685-EPHI-622I-1	Metehara
ORME040686-EPHI-622I-1	Metehara
ORME040687-EPHI-622I-1	Metehara
ORME040688-EPHI-622I-1	Metehara
ORME040689-EPHI-622I-1	Metehara
ORME040690-EPHI-622I-1	Metehara
ORME040691-EPHI-622I-1	Metehara
ORME040693-EPHI-622I-1	Metehara
ORME040695-EPHI-622I-1	Metehara
ORME040697-EPHI-622I-1	Metehara
ORME040699-EPHI-622I-1	Metehara
ORME040700-EPHI-622I-1	Metehara
ET-MT-399-EPHI-622I-1	Metehara
ET-MT-422-EPHI-622I-1	Metehara
ET-MT-436-EPHI-622I-1	Metehara
ETMT526-EPHI-622I-1	Metehara
ETMT537-EPHI-622I-1	Metehara
ORME040607-EPHI-622I-1	Metehara
ORME040638-EPHI-622I-1	Metehara
ORME040644-EPHI-622I-1	Metehara
ORME040668-EPHI-622I-1	Metehara
ORME040678-EPHI-622I-1	Metehara
ORME040694-EPHI-622I-1	Metehara
ORME040698-EPHI-622I-1	Metehara
SNSE072101-EPHI-622I-1	Secha
SNSE072103-EPHI-622I-1	Secha
SNSE072104-EPHI-622I-1	Secha
SNSE072105-EPHI-622I-1	Secha
SNSE072106-EPHI-622I-1	Secha
SNSE072107-EPHI-622I-1	Secha
SNSE072108-EPHI-622I-1	Secha
SNSE072110-EPHI-622I-1	Secha
SNSE072111-EPHI-622I-1	Secha
SNSE072112-EPHI-622I-1	Secha
SNSE072114-EPHI-622I-1	Secha
SNSE072115-EPHI-622I-1	Secha
SNSE072117-EPHI-622I-1	Secha
SNSE072119-EPHI-622I-1	Secha
SNSE072121-EPHI-622I-1	Secha
SNSE072122-EPHI-622I-1	Secha
SNSE072125-EPHI-622I-1	Secha
SNSE072127-EPHI-622I-1	Secha
SNSE072128-EPHI-622I-1	Secha
SNSE072129-EPHI-622I-1	Secha
SNSE072132-EPHI-622I-1	Secha
SNSE072135-EPHI-622I-1	Secha
SNSE072139-EPHI-622I-1	Secha
SNSE072140-EPHI-622I-1	Secha
SNSE072142-EPHI-622I-1	Secha
SNSE072143-EPHI-622I-1	Secha
SNSE072144-EPHI-622I-1	Secha
SNSE072145-EPHI-622I-1	Secha
SNSE072146-EPHI-622I-1	Secha
SNSE072147-EPHI-622I-1	Secha
SNSE072148-EPHI-622I-1	Secha
SNSE072150-EPHI-622I-1	Secha
SNSE072113-EPHI-622I-1	Secha
SNSE072120-EPHI-622I-1	Secha
SNSE072124-EPHI-622I-1	Secha
SNSE072130-EPHI-622I-1	Secha
SNSE072136-EPHI-622I-1	Secha
SNSE072137-EPHI-622I-1	Secha
SNSE072138-EPHI-622I-1	Secha
SNSE072141-EPHI-622I-1	Secha
ET-SL-1030-EPHI-622I-1	sheele
ET-SL-1034-EPHI-622I-1	sheele
ET-SL-1039-EPHI-622I-1	sheele
ET-SL-1043-EPHI-622I-1	sheele
ET-SL-1045-EPHI-622I-1	sheele
ET-SL-1119-EPHI-622I-1	sheele
ET-SL-1148-EPHI-622I-1	sheele
ET-SL-1150-EPHI-622I-1	sheele
ET-SL-1159-EPHI-622I-1	sheele
ET-SL-1166-EPHI-622I-1	sheele
ET-SL-1211-EPHI-622I-1	sheele
ET-SL-1217-EPHI-622I-1	sheele
ET-SL-1224-EPHI-622I-1	sheele
ET-SL-1227-EPHI-622I-1	sheele
ET-SL-1233-EPHI-622I-1	sheele
ET-SL-1257-EPHI-622I-1	sheele
ET-SL-1262-EPHI-622I-1	sheele
ET-SL-1279-EPHI-622I-1	sheele
ET-SL-1319-EPHI-622I-1	sheele
ET-SL-1324-EPHI-622I-1	sheele
ET-SL-1351-EPHI-622I-1	sheele
ET-SL-1401-EPHI-622I-1	sheele
ET-SL-1406-EPHI-622I-1	sheele
ET-SL-1411-EPHI-622I-1	sheele
ET-SL-1455-EPHI-622I-1	sheele
ET-SL-1456-EPHI-622I-1	sheele
ET-SL-1457-EPHI-622I-1	sheele
ET-SL-1458-EPHI-622I-1	sheele
ET-SL-1459-EPHI-622I-1	sheele
ET-SL-1460-EPHI-622I-1	sheele
ET-SL-1461-EPHI-622I-1	sheele
ET-SL-1462-EPHI-622I-1	sheele
ET-SL-1463-EPHI-622I-1	sheele
ET-SL-1464-EPHI-622I-1	sheele
ET-SL-1466-EPHI-622I-1	sheele
ET-SL-1467-EPHI-622I-1	sheele
ET-SL-1468-EPHI-622I-1	sheele
ET-SL-1469-EPHI-622I-1	sheele
ET-SL-1470-EPHI-622I-1	sheele
ET-SL-1471-EPHI-622I-1	sheele
ET-SL-1475-EPHI-622I-1	sheele
ET-SL-1476-EPHI-622I-1	sheele
ET-SL-1477-EPHI-622I-1	sheele
ET-SL-1478-EPHI-622I-1	sheele
ET-SL-1480-EPHI-622I-1	sheele
ET-SL-1481-EPHI-622I-1	sheele
ET-SL-1482-EPHI-622I-1	sheele
ET-SL-1483-EPHI-622I-1	sheele
ET-SL-1485-EPHI-622I-1	sheele
ET-SL-1487-EPHI-622I-1	sheele
ET-SL-1488-EPHI-622I-1	sheele
ET-SL-1490-EPHI-622I-1	sheele
ET-SL-1495-EPHI-622I-1	sheele
ET-SL-1496-EPHI-622I-1	sheele
ET-SL-1497-EPHI-622I-1	sheele
ET-SL-1498-EPHI-622I-1	sheele
ET-SL-1499-EPHI-622I-1	sheele
ET-SL-1500-EPHI-622I-1	sheele
ET-SL-1501-EPHI-622I-1	sheele
ET-SL-1502-EPHI-622I-1	sheele
ET-SL-1503-EPHI-622I-1	sheele
ET-SL-1504-EPHI-622I-1	sheele
ET-SL-1505-EPHI-622I-1	sheele
ET-SL-1506-EPHI-622I-1	sheele
ET-SL-1507-EPHI-622I-1	sheele
ET-SL-1508-EPHI-622I-1	sheele
ET-SL-1509-EPHI-622I-1	sheele
ET-SL-1510-EPHI-622I-1	sheele
ET-SL-1511-EPHI-622I-1	sheele
ET-SL-1512-EPHI-622I-1	sheele
ET-SL-1068-EPHI-622I-1	sheele
ET-SL-1109-EPHI-622I-1	sheele
ET-SL-1118-EPHI-622I-1	sheele
ET-SL-1185-EPHI-622I-1	sheele
ET-SL-1200-EPHI-622I-1	sheele
ET-SL-1322-EPHI-622I-1	sheele
ET-SL-1409-EPHI-622I-1	sheele
ET-SL-1472-EPHI-622I-1	sheele
ET-SL-1473-EPHI-622I-1	sheele
ET-SL-1474-EPHI-622I-1	sheele
ET-SL-1479-EPHI-622I-1	sheele
ET-SL-1484-EPHI-622I-1	sheele
ET-SL-1486-EPHI-622I-1	sheele
ET-SL-1491-EPHI-622I-1	sheele
ET-SL-1494-EPHI-622I-1	sheele
ET-SL-1138-EPHI-622I-1	sheele
ET-SL-1489-EPHI-622I-1	sheele
ET-SL-1492-EPHI-622I-1	sheele
ET-SL-1493-EPHI-622I-1	sheele
AMWO031503-EPHI-622I-1	Woreta
AMWO031507-EPHI-622I-1	Woreta
AMWO031508-EPHI-622I-1	Woreta
AMWO031509-EPHI-622I-1	Woreta
AMWO031510-EPHI-622I-1	Woreta
AMWO031511-EPHI-622I-1	Woreta
AMWO031512-EPHI-622I-1	Woreta
AMWO031513-EPHI-622I-1	Woreta
AMWO031517-EPHI-622I-1	Woreta
AMWO031518-EPHI-622I-1	Woreta
AMWO031519-EPHI-622I-1	Woreta
AMWO031521-EPHI-622I-1	Woreta
AMWO031523-EPHI-622I-1	Woreta
AMWO031525-EPHI-622I-1	Woreta
AMWO031526-EPHI-622I-1	Woreta
AMWO031527-EPHI-622I-1	Woreta
AMWO031532-EPHI-622I-1	Woreta
AMWO031533-EPHI-622I-1	Woreta
AMWO031534-EPHI-622I-1	Woreta
AMWO031539-EPHI-622I-1	Woreta
AMWO031547-EPHI-622I-1	Woreta
AMWO031548-EPHI-622I-1	Woreta
AMWO031551-EPHI-622I-1	Woreta
AMWO031554-EPHI-622I-1	Woreta
AMWO031555-EPHI-622I-1	Woreta
AMWO031557-EPHI-622I-1	Woreta
AMWO031561-EPHI-622I-1	Woreta
AMWO031563-EPHI-622I-1	Woreta
AMWO031564-EPHI-622I-1	Woreta
AMWO031564-EPHI-622I-1	Woreta
AMWO031567-EPHI-622I-1	Woreta
AMWO031579-EPHI-622I-1	Woreta
AMWO031580-EPHI-622I-1	Woreta
AMWO031581-EPHI-622I-1	Woreta
AMWO031582-EPHI-622I-1	Woreta
AMWO031583-EPHI-622I-1	Woreta
AMWO031586-EPHI-622I-1	Woreta
AMWO031587-EPHI-622I-1	Woreta
AMWO031588-EPHI-622I-1	Woreta
AMWO031589-EPHI-622I-1	Woreta
AMWO031590-EPHI-622I-1	Woreta
AMWO031601-EPHI-622I-1	Woreta
AMWO031621-EPHI-622I-1	Woreta
AMWO031622-EPHI-622I-1	Woreta
AMWO031623-EPHI-622I-1	Woreta
AMWO031624-EPHI-622I-1	Woreta
AMWO031625-EPHI-622I-1	Woreta
AMWO031626-EPHI-622I-1	Woreta
AMWO031627-EPHI-622I-1	Woreta
AMWO031628-EPHI-622I-1	Woreta
AMWO031630-EPHI-622I-1	Woreta
