SOER052796-EPHI-622I-1	Wildtype
SOER052778-EPHI-622I-1	Wildtype
SOER052758-EPHI-622I-1	Wildtype
SOER052757-EPHI-622I-1	Wildtype
SOER052732-EPHI-622I-1	Wildtype
SOER052714-EPHI-622I-1	Wildtype
SOER052710-EPHI-622I-1	Wildtype
SOER052708-EPHI-622I-1	Wildtype
SOER052703-EPHI-622I-1	Wildtype
SNSE072150-EPHI-622I-1	Wildtype
SNSE072146-EPHI-622I-1	Wildtype
SNSE072145-EPHI-622I-1	Wildtype
SNSE072143-EPHI-622I-1	Wildtype
SNSE072141-EPHI-622I-1	Wildtype
SNSE072135-EPHI-622I-1	Wildtype
SNSE072132-EPHI-622I-1	Wildtype
SNSE072130-EPHI-622I-1	Wildtype
SNSE072120-EPHI-622I-1	Wildtype
SNSE072115-EPHI-622I-1	Wildtype
SNSE072114-EPHI-622I-1	Wildtype
SNSE072112-EPHI-622I-1	Wildtype
SNSE072103-EPHI-622I-1	Wildtype
ORME040699-EPHI-622I-1	Wildtype
SOER052713-EPHI-622I-1	Wildtype
SNSE072111-EPHI-622I-1	Wildtype
ORME040693-EPHI-622I-1	Wildtype
SNSE072121-EPHI-622I-1	Wildtype
ORME040690-EPHI-622I-1	Wildtype
ORME040687-EPHI-622I-1	Wildtype
ORME040686-EPHI-622I-1	Wildtype
ORME040685-EPHI-622I-1	Wildtype
ORME040683-EPHI-622I-1	Wildtype
ORME040671-EPHI-622I-1	Wildtype
ORME040680-EPHI-622I-1	Wildtype
ORME040669-EPHI-622I-1	Wildtype
ORME040668-EPHI-622I-1	Wildtype
ORME040661-EPHI-622I-1	Wildtype
ORME040658-EPHI-622I-1	Wildtype
ORME040657-EPHI-622I-1	Wildtype
SNSE072128-EPHI-622I-1	Wildtype
SNSE072110-EPHI-622I-1	Wildtype
ORME040681-EPHI-622I-1	Wildtype
ORME040651-EPHI-622I-1	Wildtype
ORME040650-EPHI-622I-1	Wildtype
ORME040649-EPHI-622I-1	Wildtype
ORME040665-EPHI-622I-1	Wildtype
ORME040648-EPHI-622I-1	Wildtype
ORME040645-EPHI-622I-1	Wildtype
ORME040642-EPHI-622I-1	Wildtype
ORME040641-EPHI-622I-1	Wildtype
ORME040640-EPHI-622I-1	Wildtype
ORME040639-EPHI-622I-1	Wildtype
ORME040638-EPHI-622I-1	Wildtype
ORME040634-EPHI-622I-1	Wildtype
SNSE072105-EPHI-622I-1	Wildtype
ORME040627-EPHI-622I-1	Wildtype
SOER052745-EPHI-622I-1	Wildtype
ORME040625-EPHI-622I-1	Wildtype
ORME040624-EPHI-622I-1	Wildtype
SOER052762-EPHI-622I-1	Wildtype
ORME040623-EPHI-622I-1	Wildtype
ORME040621-EPHI-622I-1	Wildtype
ORME040616-EPHI-622I-1	Wildtype
ORME040615-EPHI-622I-1	Wildtype
ORME040612-EPHI-622I-1	Wildtype
ORME040608-EPHI-622I-1	Wildtype
ORME040605-EPHI-622I-1	Wildtype
ORME040603-EPHI-622I-1	Wildtype
SOER052744-EPHI-622I-1	Wildtype
ORME040601-EPHI-622I-1	Wildtype
ORME040655-EPHI-622I-1	Wildtype
ORBA040334-EPHI-622I-1	Wildtype
ORBA040330-EPHI-622I-1	Wildtype
ORBA040324-EPHI-622I-1	Wildtype
ORBA040322-EPHI-622I-1	Wildtype
ORBA040317-EPHI-622I-1	Wildtype
ORBA040314-EPHI-622I-1	Wildtype
ORBA040313-EPHI-622I-1	Wildtype
ORBA040310-EPHI-622I-1	Wildtype
ORBA040308-EPHI-622I-1	Wildtype
ORME040637-EPHI-622I-1	Wildtype
ORBA040306-EPHI-622I-1	Wildtype
ORBA040304-EPHI-622I-1	Wildtype
ORBA040303-EPHI-622I-1	Wildtype
ORBA040301-EPHI-622I-1	Wildtype
ORAS040031-EPHI-622I-1	Wildtype
ORAS040029-EPHI-622I-1	Wildtype
SNSE072125-EPHI-622I-1	Wildtype
ORAS040028-EPHI-622I-1	Wildtype
ORAS040019-EPHI-622I-1	Wildtype
ORAS040018-EPHI-622I-1	Wildtype
ORAS040015-EPHI-622I-1	Wildtype
ORAS040010-EPHI-622I-1	Wildtype
ORME040672-EPHI-622I-1	Wildtype
ORAS040007-EPHI-622I-1	Wildtype
ORAS040006-EPHI-622I-1	Wildtype
ORAS040002-EPHI-622I-1	Wildtype
GAAB092563-EPHI-622I-1	Wildtype
GAAB092561-EPHI-622I-1	Wildtype
GAAB092560-EPHI-622I-1	Wildtype
GAAB092548-EPHI-622I-1	Wildtype
GAAB092547-EPHI-622I-1	Wildtype
GAAB092546-EPHI-622I-1	Wildtype
GAAB092545-EPHI-622I-1	Wildtype
GAAB092543-EPHI-622I-1	Wildtype
GAAB092541-EPHI-622I-1	Wildtype
GAAB092540-EPHI-622I-1	Wildtype
GAAB092539-EPHI-622I-1	Wildtype
GAAB092535-EPHI-622I-1	Wildtype
GAAB092532-EPHI-622I-1	Wildtype
GAAB092526-EPHI-622I-1	Wildtype
GAAB092524-EPHI-622I-1	Wildtype
GAAB092523-EPHI-622I-1	Wildtype
GAAB092519-EPHI-622I-1	Wildtype
GAAB092517-EPHI-622I-1	Wildtype
SNSE072101-EPHI-622I-1	Wildtype
ORME040620-EPHI-622I-1	Wildtype
GAAB092513-EPHI-622I-1	Wildtype
GAAB092508-EPHI-622I-1	Wildtype
SOER052743-EPHI-622I-1	Wildtype
GAAB092506-EPHI-622I-1	Wildtype
ORBA040323-EPHI-622I-1	Wildtype
GAAB092505-EPHI-622I-1	Wildtype
GAAB092504-EPHI-622I-1	Wildtype
ORME040607-EPHI-622I-1	Wildtype
GAAB092502-EPHI-622I-1	Wildtype
GAAB092501-EPHI-622I-1	Wildtype
GAAB092499-EPHI-622I-1	Wildtype
SNSE072140-EPHI-622I-1	Wildtype
GAAB092496-EPHI-622I-1	Wildtype
GAAB092493-EPHI-622I-1	Wildtype
GAAB092492-EPHI-622I-1	Wildtype
GAAB092490-EPHI-622I-1	Wildtype
GAAB092487-EPHI-622I-1	Wildtype
GAAB092479-EPHI-622I-1	Wildtype
SOER052704-EPHI-622I-1	Wildtype
GAAB092478-EPHI-622I-1	Wildtype
GAAB092491-EPHI-622I-1	Wildtype
GAAB092476-EPHI-622I-1	Wildtype
GAAB092474-EPHI-622I-1	Wildtype
GAAB092473-EPHI-622I-1	Wildtype
SNSE072106-EPHI-622I-1	Wildtype
GAAB092469-EPHI-622I-1	Wildtype
GAAB092463-EPHI-622I-1	Wildtype
GAAB092461-EPHI-622I-1	Wildtype
GAAB092459-EPHI-622I-1	Wildtype
GAAB092457-EPHI-622I-1	Wildtype
GAAB092455-EPHI-622I-1	Wildtype
GAAB092454-EPHI-622I-1	Wildtype
GAAB092453-EPHI-622I-1	Wildtype
GAAB092450-EPHI-622I-1	Wildtype
GAAB092449-EPHI-622I-1	Wildtype
GAAB092446-EPHI-622I-1	Wildtype
SNSE072147-EPHI-622I-1	Wildtype
GAAB092445-EPHI-622I-1	Wildtype
ORBA040316-EPHI-622I-1	Wildtype
GAAB092442-EPHI-622I-1	Wildtype
GAAB092441-EPHI-622I-1	Wildtype
GAAB092439-EPHI-622I-1	Wildtype
GAAB092458-EPHI-622I-1	Wildtype
GAAB092436-EPHI-622I-1	Wildtype
GAAB092434-EPHI-622I-1	Wildtype
GAAB092433-EPHI-622I-1	Wildtype
GAAB092429-EPHI-622I-1	Wildtype
GAAB092428-EPHI-622I-1	Wildtype
GAAB092424-EPHI-622I-1	Wildtype
GAAB092495-EPHI-622I-1	Wildtype
GAAB092419-EPHI-622I-1	Wildtype
GAAB092417-EPHI-622I-1	Wildtype
ORAS040020-EPHI-622I-1	Wildtype
GAAB092416-EPHI-622I-1	Wildtype
GAAB092415-EPHI-622I-1	Wildtype
ORME040653-EPHI-622I-1	Wildtype
GAAB092410-EPHI-622I-1	Wildtype
GAAB092407-EPHI-622I-1	Wildtype
GAAB092405-EPHI-622I-1	Wildtype
SNSE072137-EPHI-622I-1	Wildtype
GAAB092403-EPHI-622I-1	Wildtype
ORAS040001-EPHI-622I-1	Wildtype
GAAB092402-EPHI-622I-1	Wildtype
GAAB092409-EPHI-622I-1	Wildtype
SOER052755-EPHI-622I-1	Wildtype
GAAB092564-EPHI-622I-1	Wildtype
GAAB092497-EPHI-622I-1	Wildtype
ORME040670-EPHI-622I-1	Wildtype
SNSE072127-EPHI-622I-1	Wildtype
GAAB092510-EPHI-622I-1	Wildtype
ET-SL-1512-EPHI-622I-1	Wildtype
ET-SL-1511-EPHI-622I-1	Wildtype
ET-SL-1510-EPHI-622I-1	Wildtype
ET-SL-1509-EPHI-622I-1	Wildtype
ET-SL-1502-EPHI-622I-1	Wildtype
ET-SL-1501-EPHI-622I-1	Wildtype
ET-SL-1499-EPHI-622I-1	Wildtype
ORME040647-EPHI-622I-1	Wildtype
ET-SL-1498-EPHI-622I-1	Wildtype
SNSE072136-EPHI-622I-1	Wildtype
ET-SL-1497-EPHI-622I-1	Wildtype
ET-SL-1494-EPHI-622I-1	Wildtype
ET-SL-1493-EPHI-622I-1	Wildtype
ET-SL-1492-EPHI-622I-1	Wildtype
ET-SL-1491-EPHI-622I-1	Wildtype
ET-SL-1489-EPHI-622I-1	Wildtype
ET-SL-1487-EPHI-622I-1	Wildtype
ET-SL-1485-EPHI-622I-1	Wildtype
ET-SL-1484-EPHI-622I-1	Wildtype
ET-SL-1482-EPHI-622I-1	Wildtype
ET-SL-1481-EPHI-622I-1	Wildtype
SNSE072144-EPHI-622I-1	Wildtype
ET-SL-1480-EPHI-622I-1	Wildtype
ET-SL-1478-EPHI-622I-1	Wildtype
ET-SL-1476-EPHI-622I-1	Wildtype
SNSE072129-EPHI-622I-1	Wildtype
ET-SL-1473-EPHI-622I-1	Wildtype
ET-SL-1472-EPHI-622I-1	Wildtype
ET-SL-1470-EPHI-622I-1	Wildtype
ET-SL-1469-EPHI-622I-1	Wildtype
ET-SL-1467-EPHI-622I-1	Wildtype
ORME040610-EPHI-622I-1	Wildtype
ET-SL-1463-EPHI-622I-1	Wildtype
SOER052742-EPHI-622I-1	Wildtype
ET-SL-1460-EPHI-622I-1	Wildtype
SNSE072148-EPHI-622I-1	Wildtype
ET-SL-1458-EPHI-622I-1	Wildtype
ET-SL-1455-EPHI-622I-1	Wildtype
ET-SL-1411-EPHI-622I-1	Wildtype
ET-SL-1351-EPHI-622I-1	Wildtype
ET-SL-1319-EPHI-622I-1	Wildtype
GAAB092530-EPHI-622I-1	Wildtype
ET-SL-1262-EPHI-622I-1	Wildtype
ET-SL-1257-EPHI-622I-1	Wildtype
ET-SL-1227-EPHI-622I-1	Wildtype
ET-SL-1217-EPHI-622I-1	Wildtype
AMWO031519-EPHI-622I-1	Wildtype
ORAS040030-EPHI-622I-1	Wildtype
AMJI031225-EPHI-622I-1	Wildtype
AMJI031316-EPHI-622I-1	Wildtype
AMJI031308-EPHI-622I-1	Wildtype
AMJI031306-EPHI-622I-1	Wildtype
AMAN031021-EPHI-622I-1	Wildtype
ORME040684-EPHI-622I-1	Wildtype
AMJI031332-EPHI-622I-1	Wildtype
SNSE072117-EPHI-622I-1	Wildtype
GAAB092549-EPHI-622I-1	Wildtype
GAAB092538-EPHI-622I-1	Wildtype
ET-LT-896-EPHI-622I-1	Wildtype
SNSE072142-EPHI-622I-1	Wildtype
AMJI031280-EPHI-622I-1	Wildtype
AMJI031274-EPHI-622I-1	Wildtype
AMJI031268-EPHI-622I-1	Wildtype
AMJI031259-EPHI-622I-1	Wildtype
ET-MT-480-EPHI-622I-1	Wildtype
AMJI031256-EPHI-622I-1	Wildtype
GAAB092522-EPHI-622I-1	Wildtype
AMJI031253-EPHI-622I-1	Wildtype
AMJI031249-EPHI-622I-1	Wildtype
ET-SL-1466-EPHI-622I-1	Wildtype
SNSE072138-EPHI-622I-1	Wildtype
ET-LT-745-EPHI-622I-1	Wildtype
ORME040644-EPHI-622I-1	Wildtype
AMJI031250-EPHI-622I-1	Wildtype
GAAB092536-EPHI-622I-1	Wildtype
GAAB092438-EPHI-622I-1	Wildtype
AMJI031245-EPHI-622I-1	Wildtype
ET-LT-707-EPHI-622I-1	Wildtype
ET-SL-1461-EPHI-622I-1	Wildtype
AMJI031242-EPHI-622I-1	Wildtype
ORME040628-EPHI-622I-1	Wildtype
SOER052725-EPHI-622I-1	Wildtype
AMWO031527-EPHI-622I-1	Wildtype
ORBA040305-EPHI-622I-1	Wildtype
AMJI031235-EPHI-622I-1	Wildtype
ET-LT-734-EPHI-622I-1	Wildtype
GAAB092512-EPHI-622I-1	Wildtype
ET-SL-1483-EPHI-622I-1	Wildtype
ORME040630-EPHI-622I-1	Wildtype
AMJI031319-EPHI-622I-1	Wildtype
ORAS040027-EPHI-622I-1	Wildtype
AMJI031226-EPHI-622I-1	Wildtype
ET-LT-827-EPHI-622I-1	Wildtype
AMWO031624-EPHI-622I-1	Wildtype
SOER052716-EPHI-622I-1	Wildtype
ORME040675-EPHI-622I-1	Wildtype
ORAS040003-EPHI-622I-1	Wildtype
ET-LT-706-EPHI-622I-1	Wildtype
AMJI031227-EPHI-622I-1	Wildtype
ET-SL-1490-EPHI-622I-1	Wildtype
GAAB092472-EPHI-622I-1	Wildtype
ET-LT-921-EPHI-622I-1	Wildtype
AMJI031208-EPHI-622I-1	Wildtype
AMJI031310-EPHI-622I-1	Wildtype
GAAB092413-EPHI-622I-1	Wildtype
GAAB092518-EPHI-622I-1	Wildtype
ORAS040014-EPHI-622I-1	Wildtype
ORBA040307-EPHI-622I-1	Wildtype
AMJI031270-EPHI-622I-1	Wildtype
AMJI031294-EPHI-622I-1	Wildtype
AMJI031229-EPHI-622I-1	Wildtype
AMAN030996-EPHI-622I-1	Wildtype
AMAN030931-EPHI-622I-1	Wildtype
AMJI031288-EPHI-622I-1	Wildtype
AMWO031621-EPHI-622I-1	Wildtype
ET-LT-602-EPHI-622I-1	Wildtype
ET-SL-1503-EPHI-622I-1	Wildtype
AMJI031263-EPHI-622I-1	Wildtype
ORBA040302-EPHI-622I-1	Wildtype
ET-MT-387-EPHI-622I-1	Wildtype
ET-SL-1456-EPHI-622I-1	Wildtype
AMAN030944-EPHI-622I-1	Wildtype
ET-LT-583-EPHI-622I-1	Wildtype
ORME040694-EPHI-622I-1	Wildtype
AMAN031004-EPHI-622I-1	Wildtype
ORME040700-EPHI-622I-1	Wildtype
AMJI031262-EPHI-622I-1	Wildtype
ET-MT-469-EPHI-622I-1	Wildtype
ET-SL-1508-EPHI-622I-1	Wildtype
ET-LT-886-EPHI-622I-1	Wildtype
ET-MT-477-EPHI-622I-1	Wildtype
AMJI031279-EPHI-622I-1	Wildtype
AMJI031244-EPHI-622I-1	Wildtype
ET-LT-765-EPHI-622I-1	Wildtype
AMJI031246-EPHI-622I-1	Wildtype
AMJI031204-EPHI-622I-1	Wildtype
ET-SL-1322-EPHI-622I-1	Wildtype
AMAN030958-EPHI-622I-1	Wildtype
SOER052766-EPHI-622I-1	Wildtype
SOER052766-EPHI-622I-1	Wildtype
AMJI031314-EPHI-622I-1	Wildtype
ORBA040331-EPHI-622I-1	Wildtype
GAAB092529-EPHI-622I-1	Wildtype
AMAN030932-EPHI-622I-1	Wildtype
ORAS040013-EPHI-622I-1	Wildtype
AMWO031534-EPHI-622I-1	Wildtype
GAAB092527-EPHI-622I-1	Wildtype
AMJI031292-EPHI-622I-1	Wildtype
AMAN030981-EPHI-622I-1	Wildtype
AMAN030991-EPHI-622I-1	Wildtype
AMAN030909-EPHI-622I-1	Wildtype
SOER052775-EPHI-622I-1	Wildtype
AMJI031278-EPHI-622I-1	Wildtype
ET-SL-1495-EPHI-622I-1	Wildtype
ET-LT-771-EPHI-622I-1	Wildtype
SNSE072119-EPHI-622I-1	Wildtype
GAAB092480-EPHI-622I-1	Wildtype
AMAN031015-EPHI-622I-1	Wildtype
AMJI031276-EPHI-622I-1	Wildtype
AMJI031228-EPHI-622I-1	Wildtype
ORME040667-EPHI-622I-1	Wildtype
ORAS040011-EPHI-622I-1	Wildtype
ET-LT-984-EPHI-622I-1	Wildtype
AMAN030904-EPHI-622I-1	Wildtype
GAAB092427-EPHI-622I-1	Wildtype
AMJI031295-EPHI-622I-1	Wildtype
ORME040673-EPHI-622I-1	Wildtype
AMAN030975-EPHI-622I-1	Wildtype
ET-MT-478-EPHI-622I-1	Wildtype
GAAB092468-EPHI-622I-1	Wildtype
AMAN030983-EPHI-622I-1	Wildtype
ET-MT-500-EPHI-622I-1	Wildtype
GAAB092401-EPHI-622I-1	Wildtype
AMAN030988-EPHI-622I-1	Wildtype
AMAN030942-EPHI-622I-1	Wildtype
SNSE072107-EPHI-622I-1	Wildtype
AMWO031526-EPHI-622I-1	Wildtype
ORME040609-EPHI-622I-1	Wildtype
AMAN030937-EPHI-622I-1	Wildtype
ET-LT-1002-EPHI-622I-1	Wildtype
ET-MT-471-EPHI-622I-1	Wildtype
ORAS040022-EPHI-622I-1	Wildtype
AMJI031272-EPHI-622I-1	Wildtype
GAAB092460-EPHI-622I-1	Wildtype
AMAN030987-EPHI-622I-1	Wildtype
ET-MT-377-EPHI-622I-1	Wildtype
GAAB092533-EPHI-622I-1	Wildtype
AMWO031627-EPHI-622I-1	Wildtype
GAAB092465-EPHI-622I-1	Wildtype
ET-SL-1500-EPHI-622I-1	Wildtype
ET-LT-828-EPHI-622I-1	Wildtype
AMWO031511-EPHI-622I-1	Wildtype
ET-LT-854-EPHI-622I-1	Wildtype
ET-MT-251-EPHI-622I-1	Wildtype
AMAN030903-EPHI-622I-1	Wildtype
ET-SL-1457-EPHI-622I-1	Wildtype
ET-MT-419-EPHI-622I-1	Wildtype
ORAS040004-EPHI-622I-1	Wildtype
AMAN030915-EPHI-622I-1	Wildtype
ET-SL-1496-EPHI-622I-1	Wildtype
ET-LT-810-EPHI-622I-1	Wildtype
AMAN030969-EPHI-622I-1	Wildtype
GAAB092420-EPHI-622I-1	Wildtype
AMAN030980-EPHI-622I-1	Wildtype
ORME040652-EPHI-622I-1	Wildtype
GAAB092488-EPHI-622I-1	Wildtype
ET-SL-1233-EPHI-622I-1	Wildtype
ET-LT-712-EPHI-622I-1	Wildtype
AMJI031264-EPHI-622I-1	Wildtype
AMAN030964-EPHI-622I-1	Wildtype
AMJI031321-EPHI-622I-1	Wildtype
GAAB092537-EPHI-622I-1	Wildtype
AMJI031223-EPHI-622I-1	Wildtype
ET-MT-408-EPHI-622I-1	Wildtype
ET-MT-422-EPHI-622I-1	Wildtype
AMAN030961-EPHI-622I-1	Wildtype
AMAN030952-EPHI-622I-1	Wildtype
ORME040633-EPHI-622I-1	Wildtype
ET-SL-1474-EPHI-622I-1	Wildtype
AMAN030966-EPHI-622I-1	Wildtype
AMAN031027-EPHI-622I-1	Wildtype
GAAB092528-EPHI-622I-1	Wildtype
ET-MT-390-EPHI-622I-1	Wildtype
SNDI071804-EPHI-622I-1	Wildtype
AMJI031203-EPHI-622I-1	Wildtype
ET-SL-1224-EPHI-622I-1	Wildtype
AMJI031248-EPHI-622I-1	Wildtype
AMAN030971-EPHI-622I-1	Wildtype
AMJI031243-EPHI-622I-1	Wildtype
ORME040663-EPHI-622I-1	Wildtype
GAAB092440-EPHI-622I-1	Wildtype
ET-SL-1464-EPHI-622I-1	Wildtype
ET-SL-1200-EPHI-622I-1	Wildtype
GAAB092406-EPHI-622I-1	Wildtype
AMAN031000-EPHI-622I-1	Wildtype
ORME040602-EPHI-622I-1	Wildtype
SOER052712-EPHI-622I-1	Wildtype
ORME040688-EPHI-622I-1	Wildtype
AMAN030989-EPHI-622I-1	Wildtype
SOER052711-EPHI-622I-1	Wildtype
ET-MT-423-EPHI-622I-1	Wildtype
AMJI031251-EPHI-622I-1	Wildtype
ET-SL-1159-EPHI-622I-1	Wildtype
ET-SL-1119-EPHI-622I-1	Wildtype
ORME040698-EPHI-622I-1	Wildtype
AMAN030908-EPHI-622I-1	Wildtype
ET-SL-1488-EPHI-622I-1	Wildtype
AMWO031564-EPHI-622I-1	Wildtype
AMWO031564-EPHI-622I-1	Wildtype
AMAN031022-EPHI-622I-1	Wildtype
SNSE072108-EPHI-622I-1	Wildtype
GAAB092489-EPHI-622I-1	Wildtype
AMAN031008-EPHI-622I-1	Wildtype
ORAS040008-EPHI-622I-1	Wildtype
AMAN030993-EPHI-622I-1	Wildtype
ORME040695-EPHI-622I-1	Wildtype
AMAN030935-EPHI-622I-1	Wildtype
AMAN030997-EPHI-622I-1	Wildtype
ET-SL-1468-EPHI-622I-1	Wildtype
AMAN030926-EPHI-622I-1	Wildtype
AMAN030999-EPHI-622I-1	Wildtype
AMAN031001-EPHI-622I-1	Wildtype
AMJI031267-EPHI-622I-1	Wildtype
ORME040674-EPHI-622I-1	Wildtype
AMAN031002-EPHI-622I-1	Wildtype
ORME040666-EPHI-622I-1	Wildtype
ORME040643-EPHI-622I-1	Wildtype
AMWO031508-EPHI-622I-1	Wildtype
AMWO031507-EPHI-622I-1	Wildtype
AMJI031224-EPHI-622I-1	Wildtype
AMJI031265-EPHI-622I-1	Wildtype
ET-LT-985-EPHI-622I-1	Wildtype
ET-MT-399-EPHI-622I-1	Wildtype
GAAB092494-EPHI-622I-1	Wildtype
ORME040662-EPHI-622I-1	Wildtype
AMJI031222-EPHI-622I-1	Wildtype
ORME040611-EPHI-622I-1	Wildtype
ET-SL-1462-EPHI-622I-1	Wildtype
AMJI031322-EPHI-622I-1	Wildtype
AMJI031286-EPHI-622I-1	Wildtype
AMWO031525-EPHI-622I-1	Wildtype
GAAB092498-EPHI-622I-1	Wildtype
AMWO031532-EPHI-622I-1	Wildtype
ORME040678-EPHI-622I-1	Wildtype
AMWO031533-EPHI-622I-1	Wildtype
GAAB092509-EPHI-622I-1	Wildtype
AMWO031551-EPHI-622I-1	Wildtype
ET-LT-911-EPHI-622I-1	Wildtype
ET-LT-989-EPHI-622I-1	Wildtype
GAAB092534-EPHI-622I-1	Wildtype
ET-SL-1479-EPHI-622I-1	Wildtype
ET-SL-1166-EPHI-622I-1	Wildtype
SNDI071805-EPHI-622I-1	Wildtype
ET-SL-1279-EPHI-622I-1	Wildtype
GAAB092521-EPHI-622I-1	Wildtype
ET-LT-947-EPHI-622I-1	Wildtype
ORAS040021-EPHI-622I-1	Wildtype
AMWO031628-EPHI-622I-1	Wildtype
ET-LT-714-EPHI-622I-1	Wildtype
ET-SL-1138-EPHI-622I-1	Wildtype
AMJI031275-EPHI-622I-1	Wildtype
SOER052718-EPHI-622I-1	Wildtype
ORBA040312-EPHI-622I-1	Wildtype
AMWO031622-EPHI-622I-1	Wildtype
ET-LT-983-EPHI-622I-1	Wildtype
AMWO031625-EPHI-622I-1	Wildtype
GAAB092562-EPHI-622I-1	Wildtype
ET-SL-1150-EPHI-622I-1	Wildtype
SNSE072113-EPHI-622I-1	Wildtype
ET-MT-473-EPHI-622I-1	Wildtype
GAAB092503-EPHI-622I-1	Wildtype
ET-LT-773-EPHI-622I-1	Wildtype
ET-LT-1004-EPHI-622I-1	Wildtype
ET-LT-1006-EPHI-622I-1	Wildtype
ET-LT-569-EPHI-622I-1	Wildtype
GAAB092475-EPHI-622I-1	Wildtype
ET-LT-913-EPHI-622I-1	Wildtype
ET-MT-199-EPHI-622I-1	Wildtype
ORME040691-EPHI-622I-1	Wildtype
ET-LT-533-EPHI-622I-1	Wildtype
ET-LT-562-EPHI-622I-1	Wildtype
ET-LT-568-EPHI-622I-1	Wildtype
ET-SL-1477-EPHI-622I-1	Wildtype
ET-LT-570-EPHI-622I-1	Wildtype
AMWO031517-EPHI-622I-1	Wildtype
SNSE072139-EPHI-622I-1	Wildtype
ET-LT-589-EPHI-622I-1	Wildtype
ET-LT-590-EPHI-622I-1	Wildtype
GAAB092426-EPHI-622I-1	Wildtype
ET-LT-594-EPHI-622I-1	Wildtype
ET-LT-624-EPHI-622I-1	Wildtype
ORME040659-EPHI-622I-1	Wildtype
ET-SL-1409-EPHI-622I-1	Wildtype
ET-LT-665-EPHI-622I-1	Wildtype
ET-LT-719-EPHI-622I-1	Wildtype
ET-SL-1406-EPHI-622I-1	Wildtype
ET-LT-700-EPHI-622I-1	Wildtype
SNSE072104-EPHI-622I-1	Wildtype
ET-LT-702-EPHI-622I-1	Wildtype
ORBA040319-EPHI-622I-1	Wildtype
GAAB092511-EPHI-622I-1	Wildtype
ET-LT-705-EPHI-622I-1	Wildtype
ET-LT-708-EPHI-622I-1	Wildtype
ORAS040017-EPHI-622I-1	Wildtype
ET-SL-1475-EPHI-622I-1	Wildtype
ET-SL-1505-EPHI-622I-1	Wildtype
AMWO031601-EPHI-622I-1	Wildtype
ET-LT-587-EPHI-622I-1	Wildtype
ET-LT-709-EPHI-622I-1	Wildtype
AMAN031023-EPHI-622I-1	Wildtype
ET-LT-731-EPHI-622I-1	Wildtype
AMWO031539-EPHI-622I-1	Wildtype
ET-SL-1459-EPHI-622I-1	Wildtype
ET-LT-909-EPHI-622I-1	Wildtype
ORBA040333-EPHI-622I-1	Wildtype
ET-MT-421-EPHI-622I-1	Wildtype
ET-LT-749-EPHI-622I-1	Wildtype
ET-LT-758-EPHI-622I-1	Wildtype
AMWO031623-EPHI-622I-1	Wildtype
ET-LT-772-EPHI-622I-1	Wildtype
ET-LT-928-EPHI-622I-1	Wildtype
ORBA040311-EPHI-622I-1	Wildtype
ET-SL-1324-EPHI-622I-1	Wildtype
ET-LT-799-EPHI-622I-1	Wildtype
AMJI031283-EPHI-622I-1	Wildtype
ET-MT-429-EPHI-622I-1	Wildtype
ORME040697-EPHI-622I-1	Wildtype
ET-LT-785-EPHI-622I-1	Wildtype
ET-LT-800-EPHI-622I-1	Wildtype
ET-LT-806-EPHI-622I-1	Wildtype
ET-LT-831-EPHI-622I-1	Wildtype
ET-SL-1401-EPHI-622I-1	Wildtype
ET-LT-876-EPHI-622I-1	Wildtype
GAAB092425-EPHI-622I-1	Wildtype
ET-LT-965-EPHI-622I-1	Wildtype
ET-LT-891-EPHI-622I-1	Wildtype
ET-MT-331-EPHI-622I-1	Wildtype
ORAS040032-EPHI-622I-1	Wildtype
AMWO031630-EPHI-622I-1	Wildtype
ET-LT-902-EPHI-622I-1	Wildtype
ET-SL-1039-EPHI-622I-1	Wildtype
ET-LT-781-EPHI-622I-1	Wildtype
ET-LT-906-EPHI-622I-1	Wildtype
ET-LT-935-EPHI-622I-1	Wildtype
AMWO031555-EPHI-622I-1	Wildtype
ET-LT-936-EPHI-622I-1	Wildtype
ORBA040338-EPHI-622I-1	Wildtype
AMJI031212-EPHI-622I-1	Wildtype
ET-LT-762-EPHI-622I-1	Wildtype
ORME040660-EPHI-622I-1	Wildtype
AMAN031017-EPHI-622I-1	Wildtype
ET-LT-957-EPHI-622I-1	Wildtype
ET-LT-964-EPHI-622I-1	Wildtype
ET-LT-974-EPHI-622I-1	Wildtype
ET-LT-980-EPHI-622I-1	Wildtype
ET-MT-427-EPHI-622I-1	Wildtype
ET-LT-986-EPHI-622I-1	Wildtype
ET-LT-991-EPHI-622I-1	Wildtype
ORME040646-EPHI-622I-1	Wildtype
GAAB092515-EPHI-622I-1	Wildtype
ET-SL-1507-EPHI-622I-1	Wildtype
ET-LT-999-EPHI-622I-1	Wildtype
ORAS040026-EPHI-622I-1	Wildtype
AMJI031232-EPHI-622I-1	Wildtype
AMWO031547-EPHI-622I-1	Wildtype
ORBA040326-EPHI-622I-1	Wildtype
ET-LT-738-EPHI-622I-1	Wildtype
ORAS040016-EPHI-622I-1	Wildtype
GAAB092481-EPHI-622I-1	Wildtype
GAAB092435-EPHI-622I-1	Wildtype
SOER052799-EPHI-622I-1	Wildtype
GAAB092456-EPHI-622I-1	Wildtype
ET-MT-291-EPHI-622I-1	Wildtype
ET-SL-1486-EPHI-622I-1	Wildtype
AMJI031281-EPHI-622I-1	Wildtype
ET-MT-428-EPHI-622I-1	Wildtype
ET-LT-732-EPHI-622I-1	Wildtype
ET-MT-346-EPHI-622I-1	Wildtype
AMJI031284-EPHI-622I-1	Wildtype
ET-MT-470-EPHI-622I-1	Wildtype
ET-MT-350-EPHI-622I-1	Wildtype
SOER052797-EPHI-622I-1	Wildtype
SNSE072124-EPHI-622I-1	Wildtype
AMJI031269-EPHI-622I-1	Wildtype
AMJI031252-EPHI-622I-1	Wildtype
ET-LT-994-EPHI-622I-1	Wildtype
ORME040613-EPHI-622I-1	Wildtype
ET-SL-1506-EPHI-622I-1	Wildtype
ORBA040309-EPHI-622I-1	Wildtype
ET-LT-667-EPHI-622I-1	Wildtype
GAAB092516-EPHI-622I-1	Wildtype
ET-SL-1504-EPHI-622I-1	Wildtype
ET-LT-1005-EPHI-622I-1	Wildtype
AMWO031557-EPHI-622I-1	Wildtype
ET-LT-633-EPHI-622I-1	Wildtype
ET-SL-1118-EPHI-622I-1	Wildtype
GAAB092432-EPHI-622I-1	Wildtype
GAAB092500-EPHI-622I-1	Wildtype
ET-MT-467-EPHI-622I-1	Wildtype
ET-SL-1185-EPHI-622I-1	Wildtype
ET-LT-582-EPHI-622I-1	Wildtype
ET-MT-475-EPHI-622I-1	Wildtype
ET-LT-1001-EPHI-622I-1	Wildtype
AMAN030976-EPHI-622I-1	Wildtype
ET-MT-476-EPHI-622I-1	Wildtype
ET-MT-479-EPHI-622I-1	Wildtype
ET-LT-875-EPHI-622I-1	Wildtype
AMJI031258-EPHI-622I-1	Wildtype
AMAN031014-EPHI-622I-1	Wildtype
ET-SL-1030-EPHI-622I-1	Wildtype
ET-SL-1034-EPHI-622I-1	Wildtype
ET-SL-1471-EPHI-622I-1	Wildtype
ET-SL-1045-EPHI-622I-1	Wildtype
ET-SL-1109-EPHI-622I-1	Wildtype
ET-SL-1148-EPHI-622I-1	Wildtype
ET-SL-1211-EPHI-622I-1	Wildtype
AMWO031509-EPHI-622I-1	Mutant
AMJI031254-EPHI-622I-1	Mutant
AMAN030947-EPHI-622I-1	Mutant
AMAN030916-EPHI-622I-1	Mutant
AMAN031013-EPHI-622I-1	Mutant
AMJI031236-EPHI-622I-1	Mutant
SOER052773-EPHI-622I-1	Mutant
SOER052735-EPHI-622I-1	Mutant
AMAN031026-EPHI-622I-1	Mutant
AMAN030951-EPHI-622I-1	Mutant
AMJI031297-EPHI-622I-1	Mutant
GAAB092507-EPHI-622I-1	Mutant
AMAN030955-EPHI-622I-1	Mutant
AMAN030949-EPHI-622I-1	Mutant
AMJI031237-EPHI-622I-1	Mutant
AMAN030920-EPHI-622I-1	Mutant
AMAN031024-EPHI-622I-1	Mutant
AMAN030917-EPHI-622I-1	Mutant
AMAN031010-EPHI-622I-1	Mutant
AMAN030913-EPHI-622I-1	Mutant
SOER052770-EPHI-622I-1	Mutant
ORAS040012-EPHI-622I-1	Mutant
GAAB092531-EPHI-622I-1	Mutant
SOER052727-EPHI-622I-1	Mutant
ORME040689-EPHI-622I-1	Mutant
AMAN030946-EPHI-622I-1	Mutant
AMJI031298-EPHI-622I-1	Mutant
AMJI031296-EPHI-622I-1	Mutant
AMJI031282-EPHI-622I-1	Mutant
AMWO031523-EPHI-622I-1	Mutant
AMJI031323-EPHI-622I-1	Mutant
AMJI031210-EPHI-622I-1	Mutant
AMJI031214-EPHI-622I-1	Mutant
AMAN030930-EPHI-622I-1	Mutant
AMJI031247-EPHI-622I-1	Mutant
AMAN030972-EPHI-622I-1	Mutant
AMJI031300-EPHI-622I-1	Mutant
AMAN030990-EPHI-622I-1	Mutant
AMJI031257-EPHI-622I-1	Mutant
AMJI031221-EPHI-622I-1	Mutant
AMJI031240-EPHI-622I-1	Mutant
AMJI031206-EPHI-622I-1	Mutant
AMAN030982-EPHI-622I-1	Mutant
AMAN030929-EPHI-622I-1	Mutant
AMAN030963-EPHI-622I-1	Mutant
AMAN030936-EPHI-622I-1	Mutant
AMJI031211-EPHI-622I-1	Mutant
AMAN031018-EPHI-622I-1	Mutant
AMAN030943-EPHI-622I-1	Mutant
AMAN030956-EPHI-622I-1	Mutant
AMJI031217-EPHI-622I-1	Mutant
AMAN030985-EPHI-622I-1	Mutant
AMAN030905-EPHI-622I-1	Mutant
AMJI031273-EPHI-622I-1	Mutant
AMAN030906-EPHI-622I-1	Mutant
AMWO031518-EPHI-622I-1	Mutant
AMAN030911-EPHI-622I-1	Mutant
AMWO031582-EPHI-622I-1	Mutant
AMJI031230-EPHI-622I-1	Mutant
AMWO031567-EPHI-622I-1	Mutant
AMAN030953-EPHI-622I-1	Mutant
AMAN030921-EPHI-622I-1	Mutant
AMAN030919-EPHI-622I-1	Mutant
AMAN030954-EPHI-622I-1	Mutant
AMAN030907-EPHI-622I-1	Mutant
AMJI031220-EPHI-622I-1	Mutant
AMWO031512-EPHI-622I-1	Mutant
AMJI031290-EPHI-622I-1	Mutant
AMAN030922-EPHI-622I-1	Mutant
AMJI031291-EPHI-622I-1	Mutant
AMJI031266-EPHI-622I-1	Mutant
AMWO031510-EPHI-622I-1	Mutant
AMAN030945-EPHI-622I-1	Mutant
AMAN031003-EPHI-622I-1	Mutant
AMAN030948-EPHI-622I-1	Mutant
AMAN030998-EPHI-622I-1	Mutant
AMAN031012-EPHI-622I-1	Mutant
AMJI031216-EPHI-622I-1	Mutant
AMJI031218-EPHI-622I-1	Mutant
AMAN030925-EPHI-622I-1	Mutant
AMAN031007-EPHI-622I-1	Mutant
AMAN030979-EPHI-622I-1	Mutant
AMAN030940-EPHI-622I-1	Mutant
AMAN030914-EPHI-622I-1	Mutant
AMWO031586-EPHI-622I-1	Mutant
AMAN030918-EPHI-622I-1	Mutant
AMAN030957-EPHI-622I-1	Mutant
ORAS040005-EPHI-622I-1	Mutant
AMJI031231-EPHI-622I-1	Mutant
AMAN030924-EPHI-622I-1	Mutant
AMWO031513-EPHI-622I-1	Mutant
AMAN030977-EPHI-622I-1	Mutant
AMWO031554-EPHI-622I-1	Mutant
AMAN030927-EPHI-622I-1	Mutant
AMAN031020-EPHI-622I-1	Mutant
AMAN030910-EPHI-622I-1	Mutant
AMWO031579-EPHI-622I-1	Mutant
AMAN031005-EPHI-622I-1	Mutant
AMAN030965-EPHI-622I-1	Mutant
AMAN030938-EPHI-622I-1	Mutant
AMWO031561-EPHI-622I-1	Mutant
AMWO031581-EPHI-622I-1	Mutant
AMWO031583-EPHI-622I-1	Mutant
AMWO031587-EPHI-622I-1	Mutant
AMWO031589-EPHI-622I-1	Mutant
AMWO031590-EPHI-622I-1	Mutant
AMAN031019-EPHI-622I-1	Mutant
AMJI031215-EPHI-622I-1	Mutant
AMAN030933-EPHI-622I-1	Mutant
GAAB092520-EPHI-622I-1	Mutant
AMAN030902-EPHI-622I-1	Mutant
AMWO031588-EPHI-622I-1	Mutant
AMAN030968-EPHI-622I-1	Mutant
AMJI031255-EPHI-622I-1	Mutant
AMAN030967-EPHI-622I-1	Mutant
AMAN031011-EPHI-622I-1	Mutant
AMWO031563-EPHI-622I-1	Mutant
AMAN030928-EPHI-622I-1	Mutant
AMAN030959-EPHI-622I-1	Mutant
AMAN030912-EPHI-622I-1	Mutant
AMJI031207-EPHI-622I-1	Mutant
AMWO031548-EPHI-622I-1	Mutant
AMAN030960-EPHI-622I-1	Mutant
AMWO031521-EPHI-622I-1	Mutant
AMJI031325-EPHI-622I-1	Mutant
AMJI031285-EPHI-622I-1	Mutant
SOER052763-EPHI-622I-1	Wildtype
SOER052756-EPHI-622I-1	Wildtype
SOER052749-EPHI-622I-1	Wildtype
SOER052726-EPHI-622I-1	Wildtype
ORME040664-EPHI-622I-1	Wildtype
ORME040656-EPHI-622I-1	Wildtype
ORME040632-EPHI-622I-1	Wildtype
ORME040631-EPHI-622I-1	Wildtype
ORME040626-EPHI-622I-1	Wildtype
ORME040622-EPHI-622I-1	Wildtype
ORBA040336-EPHI-622I-1	Wildtype
ORBA040327-EPHI-622I-1	Wildtype
ORAS040023-EPHI-622I-1	Wildtype
GAAB092542-EPHI-622I-1	Wildtype
GAAB092514-EPHI-622I-1	Wildtype
GAAB092484-EPHI-622I-1	Wildtype
GAAB092466-EPHI-622I-1	Wildtype
GAAB092483-EPHI-622I-1	Wildtype
GAAB092437-EPHI-622I-1	Wildtype
GAAB092418-EPHI-622I-1	Wildtype
GAAB092408-EPHI-622I-1	Wildtype
GAAB092464-EPHI-622I-1	Wildtype
ORME040677-EPHI-622I-1	Wildtype
ET-MT-388-EPHI-622I-1	Wildtype
ET-MT-485-EPHI-622I-1	Wildtype
AMJI031287-EPHI-622I-1	Wildtype
AMJI031277-EPHI-622I-1	Wildtype
AMJI031234-EPHI-622I-1	Wildtype
AMJI031213-EPHI-622I-1	Wildtype
ORBA040337-EPHI-622I-1	Wildtype
AMWO031503-EPHI-622I-1	Wildtype
ET-MT-502-EPHI-622I-1	Wildtype
ORME040617-EPHI-622I-1	Wildtype
AMAN030939-EPHI-622I-1	Wildtype
AMAN031006-EPHI-622I-1	Wildtype
AMWO031626-EPHI-622I-1	Wildtype
ET-LT-946-EPHI-622I-1	Wildtype
AMAN030962-EPHI-622I-1	Wildtype
AMJI031239-EPHI-622I-1	Wildtype
GAAB092486-EPHI-622I-1	Wildtype
AMAN030973-EPHI-622I-1	Wildtype
ET-MT-083-EPHI-622I-1	Wildtype
ET-MT-405-EPHI-622I-1	Wildtype
ET-MT-486-EPHI-622I-1	Wildtype
AMAN030934-EPHI-622I-1	Wildtype
SOER052734-EPHI-622I-1	Wildtype
AMJI031271-EPHI-622I-1	Wildtype
AMJI031318-EPHI-622I-1	Wildtype
SOER052739-EPHI-622I-1	Wildtype
ET-LT-843-EPHI-622I-1	Wildtype
AMAN030978-EPHI-622I-1	Wildtype
AMJI031238-EPHI-622I-1	Wildtype
ORME040619-EPHI-622I-1	Wildtype
AMJI031317-EPHI-622I-1	Wildtype
ET-LT-778-EPHI-622I-1	Wildtype
ET-MT-430-EPHI-622I-1	Wildtype
AMAN031025-EPHI-622I-1	Wildtype
ORBA040332-EPHI-622I-1	Wildtype
AMWO031580-EPHI-622I-1	Wildtype
SOER052730-EPHI-622I-1	Wildtype
ET-LT-1003-EPHI-622I-1	Wildtype
ET-LT-523-EPHI-622I-1	Wildtype
AMAN030970-EPHI-622I-1	Wildtype
ORME040636-EPHI-622I-1	Wildtype
ET-LT-701-EPHI-622I-1	Wildtype
ET-SL-1043-EPHI-622I-1	Wildtype
ET-LT-720-EPHI-622I-1	Wildtype
ET-LT-798-EPHI-622I-1	Wildtype
GAAB092525-EPHI-622I-1	Wildtype
AMAN031009-EPHI-622I-1	Wildtype
ORME040635-EPHI-622I-1	Wildtype
ET-MT-194-EPHI-622I-1	Wildtype
ET-LT-905-EPHI-622I-1	Wildtype
SNSE072122-EPHI-622I-1	Wildtype
ET-MT-436-EPHI-622I-1	Wildtype
SOER052746-EPHI-622I-1	Wildtype
ET-MT-255-EPHI-622I-1	Wildtype
ET-MT-482-EPHI-622I-1	Wildtype
ET-MT-383-EPHI-622I-1	Wildtype
SOER052717-EPHI-622I-1	Wildtype
AMJI031261-EPHI-622I-1	Wildtype
ET-MT-416-EPHI-622I-1	Wildtype
ET-MT-425-EPHI-622I-1	Wildtype
AMAN030950-EPHI-622I-1	Wildtype
ET-MT-468-EPHI-622I-1	Wildtype
ET-SL-1068-EPHI-622I-1	Wildtype
